No.,ID,Level,Name,Length,Area,
1,135386,T.O. Fnd. 벽,일반 - 200mm,21900,17.958,
2,135561,T.O. Fnd. 벽,일반 - 200mm,13300,10.906,
3,135611,T.O. Fnd. 벽,일반 - 200mm,23000,18.86,
4,136351,T.O. Fnd. 벽,일반 - 200mm,41000,33.62,
5,136414,T.O. Fnd. 벽,일반 - 200mm,8000,6.56,
6,136450,T.O. Fnd. 벽,일반 - 200mm,15000,12.3,
7,136475,T.O. Fnd. 벽,일반 - 200mm,13000,10.66,
8,136543,T.O. Fnd. 벽,일반 - 200mm,8000,6.56,
9,136544,T.O. Fnd. 벽,일반 - 200mm,15000,12.3,
10,136545,T.O. Fnd. 벽,일반 - 200mm,13000,10.66,
11,136580,T.O. Fnd. 벽,일반 - 200mm,8000,6.56,
12,136581,T.O. Fnd. 벽,일반 - 200mm,15000,12.3,
13,136582,T.O. Fnd. 벽,일반 - 200mm,13000,10.66,
14,136592,T.O. Fnd. 벽,일반 - 200mm,8000,6.56,
15,136593,T.O. Fnd. 벽,일반 - 200mm,15000,12.3,
16,136594,T.O. Fnd. 벽,일반 - 200mm,13000,10.66,
17,136615,T.O. Fnd. 벽,일반 - 200mm,8000,6.56,
18,136616,T.O. Fnd. 벽,일반 - 200mm,15000,12.3,
19,136617,T.O. Fnd. 벽,일반 - 200mm,13000,10.66,
20,136647,T.O. Fnd. 벽,일반 - 200mm,8000,6.56,
21,136648,T.O. Fnd. 벽,일반 - 200mm,15000,12.3,
22,136649,T.O. Fnd. 벽,일반 - 200mm,13000,10.66,
23,136694,T.O. Fnd. 벽,일반 - 200mm,8000,6.56,
24,136695,T.O. Fnd. 벽,일반 - 200mm,15000,12.3,
25,136696,T.O. Fnd. 벽,일반 - 200mm,13000,10.66,
26,136737,T.O. Fnd. 벽,일반 - 200mm,8000,6.56,
27,136738,T.O. Fnd. 벽,일반 - 200mm,15000,12.3,
28,136739,T.O. Fnd. 벽,일반 - 200mm,13000,10.66,
29,136766,T.O. Fnd. 벽,일반 - 200mm,8000,6.56,
30,136767,T.O. Fnd. 벽,일반 - 200mm,15000,12.3,
31,136768,T.O. Fnd. 벽,일반 - 200mm,13000,10.66,
32,136790,T.O. Fnd. 벽,일반 - 200mm,8000,6.56,
33,136791,T.O. Fnd. 벽,일반 - 200mm,15000,12.3,
34,136792,T.O. Fnd. 벽,일반 - 200mm,13000,10.66,
35,136840,T.O. Fnd. 벽,일반 - 200mm,8000,6.56,
36,136841,T.O. Fnd. 벽,일반 - 200mm,15000,12.3,
37,136842,T.O. Fnd. 벽,일반 - 200mm,13000,10.66,
----------------,----------------,----------------,----------------,면적 합계 :,406.064,
,,,,,,
