(1,135314,T.O. Fnd. 벽,일반 - 200mm,5800,4.756,-35.571130002, 18.790581809, -2.690288714,-20.373997593, 7.338721132, -2.690288714
2,135334,T.O. Fnd. 벽,일반 - 200mm,10800,8.856,-26.170409798, -6.054178729, -2.690288714,9.068554998, -9.757943176, -2.690288714
3,135354,T.O. Fnd. 벽,일반 - 200mm,7200,5.904,-4.906876004, -24.967532472, -2.690288714,-28.528923249, -24.967532472, -2.690288714
4,135372,T.O. Fnd. 벽,일반 - 200mm,5400,4.428,-19.231782981, 9.949428284, -2.690288714,-9.324822093, 24.637101814, -2.690288714
5,135389,T.O. Fnd. 벽,일반 - 300mm,10300,8.258,-20.574743010, 28.750868691, -2.690288714,-5.233200532, -1.358603747, -2.690288714
6,135408,T.O. Fnd. 벽,일반 - 300mm,11100,9.102,26.093118000, -14.223852240, -2.690288714,-10.274296159, -16.129787654, -2.690288714
7,135430,T.O. Fnd. 벽,일반 - 300mm,4500,3.69,17.251964476, -11.314105510, -2.690288714,31.693119998, -8.244543145, -2.690288714
8,135451,T.O. Fnd. 벽,일반 - 300mm,4400,3.608,40.865678320, -21.274392392, -2.690288714,28.897944333, -29.346730894, -2.690288714
9,135472,T.O. Fnd. 벽,일반 - 300mm,4500,3.69,14.118391074, -21.945872407, -2.690288714,-0.073464673, -17.876423256, -2.690288714
10,135491,T.O. Fnd. 벽,일반 - 300mm,4600,3.772,-20.239003003, -16.462118955, -2.690288714,-34.671423861, -20.874552819, -2.690288714,
11,135512,T.O. Fnd. 벽,일반 - 300mm,3100,2.542,-42.397843483, -20.938652385, -2.690288714,-43.284270001, -10.806750928, -2.690288714,
12,135528,T.O. Fnd. 벽,일반 - 300mm,4100,3.362,-38.257050060, 8.718381591, -2.690288714,-36.384970946, 22.038916636, -2.690288714